id,label,degree,weighted_degree,betweenness,community,primary_brand,brand_label_auto,brand_combo,brand_confidence,narrative_similarity_level,username_norm,actor_type_primary,individual_subtype,is_video_creator,is_verified_registry_actor,individual_in_hcc,account_goal_orientation,target_brand_primary,hcc_dominant_weekday,hcc_dominant_weekday_share,hcc_dominant_daypart,hcc_peak_hour,hcc_weekday_entropy_normalized,hcc_weekday_concentration_score,hcc_n_active_weeks,hcc_dominant_weekday_week_coverage,hcc_temporal_profile_reliability
reviewjujur_ip2228,reviewjujur_ip2228,31,19.25,0.0005773209503339,5,The Originote,The Originote,The Originote,High,Low,reviewjujur_ip2228,Community Actor,,False,False,False,Neutral Engagement,The Originote,Rabu,0.25,Malam,17,0.9463890351776074,0.05361096482239258,49,0.32653061224489793,Descriptively sufficient
skinlover_ip4667,skinlover_ip4667,31,19.125,0.0005931718901972,5,The Originote,The Originote,The Originote,High,Low,skinlover_ip4667,Community Actor,,False,False,False,Neutral Engagement,The Originote,Rabu,0.25,Malam,17,0.9463890351776074,0.05361096482239258,49,0.32653061224489793,Descriptively sufficient
skinbestie_ip1027,skinbestie_ip1027,31,19.0,0.0005931718901972,5,The Originote,The Originote,The Originote,High,Low,skinbestie_ip1027,Community Actor,,False,False,False,Neutral Engagement,The Originote,Rabu,0.25,Malam,17,0.9463890351776074,0.05361096482239258,49,0.32653061224489793,Descriptively sufficient
skinclub_ip8942,skinclub_ip8942,31,19.0,0.0005931718901972,5,The Originote,The Originote,The Originote,High,Low,skinclub_ip8942,Community Actor,,False,False,False,Neutral Engagement,The Originote,Rabu,0.25,Malam,17,0.9463890351776074,0.05361096482239258,49,0.32653061224489793,Descriptively sufficient
kulitglowing_ip9832,kulitglowing_ip9832,31,19.0,0.0005931718901972,5,The Originote,The Originote,The Originote,High,Low,kulitglowing_ip9832,Community Actor,,False,False,False,Neutral Engagement,The Originote,Rabu,0.25,Malam,17,0.9463890351776074,0.05361096482239258,49,0.32653061224489793,Descriptively sufficient
skincare_ip7443,skincare_ip7443,31,19.0,0.0005931718901972,5,The Originote,The Originote,The Originote,High,Low,skincare_ip7443,Community Actor,,False,False,False,Neutral Engagement,The Originote,Rabu,0.25,Malam,17,0.9463890351776074,0.05361096482239258,49,0.32653061224489793,Descriptively sufficient
glowhunter_ip9119,glowhunter_ip9119,31,19.0,0.0005931718901972,5,The Originote,The Originote,The Originote,High,Low,glowhunter_ip9119,Community Actor,,False,False,False,Neutral Engagement,The Originote,Rabu,0.25,Malam,17,0.9463890351776074,0.05361096482239258,49,0.32653061224489793,Descriptively sufficient
kulitglowing_ip4767,kulitglowing_ip4767,31,19.0,0.0005931718901972,5,The Originote,The Originote,The Originote,High,Low,kulitglowing_ip4767,Community Actor,,False,False,False,Mixed Goals,The Originote,Rabu,0.25,Malam,17,0.9463890351776074,0.05361096482239258,49,0.32653061224489793,Descriptively sufficient
skinclub_ip8582,skinclub_ip8582,16,12.5,0.0001386957238039,54,Azarine,Azarine,Azarine + Daviena,High,Low,skinclub_ip8582,Community Actor,,False,False,False,Promotional / Supportive,Azarine,Selasa,0.22972972972972974,Malam,23,0.9705563449208434,0.029443655079156583,37,0.2702702702702703,Descriptively sufficient
racun_ip2774,racun_ip2774,15,11.428571428571429,9.708700666275866e-05,54,Azarine,Azarine,Azarine + Daviena,High,Low,racun_ip2774,Community Actor,,False,False,False,Neutral Engagement,Azarine,Selasa,0.22972972972972974,Malam,23,0.9705563449208434,0.029443655079156583,37,0.2702702702702703,Descriptively sufficient
skincare_ip2565,skincare_ip2565,15,11.035714285714286,9.708700666275866e-05,54,Azarine,Azarine,Azarine + Daviena,High,Low,skincare_ip2565,Community Actor,,False,False,False,Neutral Engagement,Azarine,Selasa,0.22972972972972974,Malam,23,0.9705563449208434,0.029443655079156583,37,0.2702702702702703,Descriptively sufficient
glowhunter_ip7849,glowhunter_ip7849,15,11.035714285714285,9.986092113883748e-05,54,Azarine,Azarine,Azarine + Daviena,High,Low,glowhunter_ip7849,Community Actor,,False,False,False,Neutral Engagement,Azarine,Selasa,0.22972972972972974,Malam,23,0.9705563449208434,0.029443655079156583,37,0.2702702702702703,Descriptively sufficient
reviewjujur_ip9284,reviewjujur_ip9284,14,10.5,0.0,54,Azarine,Azarine,Azarine + Daviena,High,Low,reviewjujur_ip9284,Community Actor,,False,False,False,Critical / Complaint,Azarine,Selasa,0.22972972972972974,Malam,23,0.9705563449208434,0.029443655079156583,37,0.2702702702702703,Descriptively sufficient
glowhunter_ip4395,glowhunter_ip4395,14,10.5,0.0,54,Azarine,Azarine,Azarine + Daviena,High,Low,glowhunter_ip4395,Community Actor,,False,False,False,Neutral Engagement,Azarine,Selasa,0.22972972972972974,Malam,23,0.9705563449208434,0.029443655079156583,37,0.2702702702702703,Descriptively sufficient
skinlover_ip4018,skinlover_ip4018,14,10.5,0.0,54,Azarine,Azarine,Azarine + Daviena,High,Low,skinlover_ip4018,Community Actor,,False,False,False,Neutral Engagement,Azarine,Selasa,0.22972972972972974,Malam,23,0.9705563449208434,0.029443655079156583,37,0.2702702702702703,Descriptively sufficient
glowhunter_ip2869,glowhunter_ip2869,14,10.5,0.0,54,Azarine,Azarine,Azarine + Daviena,High,Low,glowhunter_ip2869,Community Actor,,False,False,False,Neutral Engagement,Azarine,Selasa,0.22972972972972974,Malam,23,0.9705563449208434,0.029443655079156583,37,0.2702702702702703,Descriptively sufficient
beautyvibe_ct78952,beautyvibe_ct78952,5,9.875,0.0,52,Daviena,Daviena,Daviena + Maryame + The Originote,Medium,Low,beautyvibe_ct78952,Community Actor,,False,False,False,Critical / Complaint,Daviena,Senin,0.25,Malam,19,0.80146617099305,0.19853382900695005,8,0.25,Descriptively sufficient
reviewjujur_ct39243,reviewjujur_ct39243,5,8.875,0.0,52,Daviena,Daviena,Daviena + Maryame + The Originote,Medium,Low,reviewjujur_ct39243,Community Actor,,False,False,False,Neutral Engagement,Daviena,Senin,0.25,Malam,19,0.80146617099305,0.19853382900695005,8,0.25,Descriptively sufficient
reviewjujur_ct55350,reviewjujur_ct55350,5,8.875,0.0,52,Daviena,Daviena,Daviena + Maryame + The Originote,Medium,Low,reviewjujur_ct55350,Community Actor,,False,False,False,Mixed Goals,Daviena,Senin,0.25,Malam,19,0.80146617099305,0.19853382900695005,8,0.25,Descriptively sufficient
reviewjujur_ct97003,reviewjujur_ct97003,5,8.875,0.0,52,Daviena,Daviena,Daviena + Maryame + The Originote,Medium,Low,reviewjujur_ct97003,Community Actor,,False,False,False,Promotional / Supportive,Daviena,Senin,0.25,Malam,19,0.80146617099305,0.19853382900695005,8,0.25,Descriptively sufficient
kulitcerah_ct29113,kulitcerah_ct29113,5,8.875,0.0,52,Daviena,Daviena,Daviena + Maryame + The Originote,Medium,Low,kulitcerah_ct29113,Community Actor,,False,False,False,Neutral Engagement,Daviena,Senin,0.25,Malam,19,0.80146617099305,0.19853382900695005,8,0.25,Descriptively sufficient
kulitglowing_ip7028,kulitglowing_ip7028,14,8.875,0.0,54,Azarine,Azarine,Azarine + Daviena,High,Low,kulitglowing_ip7028,Community Actor,,False,False,False,Neutral Engagement,Azarine,Selasa,0.22972972972972974,Malam,23,0.9705563449208434,0.029443655079156583,37,0.2702702702702703,Descriptively sufficient
cantik_ip9501,cantik_ip9501,8,8.660714285714285,0.00042440891484,150,Maryame,Maryame,Maryame + The Originote,Medium,Low,cantik_ip9501,Community Actor,,False,False,False,Mixed Goals,Maryame,Senin,0.2916666666666667,Pagi,7,0.9100816504267417,0.08991834957325828,20,0.2,Descriptively sufficient
kulitglowing_ip1790,kulitglowing_ip1790,8,8.535714285714285,0.00042440891484,150,Maryame,Maryame,Maryame + The Originote,Medium,Low,kulitglowing_ip1790,Community Actor,,False,False,False,Promotional / Supportive,Maryame,Senin,0.2916666666666667,Pagi,7,0.9100816504267417,0.08991834957325828,20,0.2,Descriptively sufficient
kulitglowing_ip334,kulitglowing_ip334,8,8.535714285714285,0.0001747566119929,150,Maryame,Maryame,Maryame + The Originote,Medium,Low,kulitglowing_ip334,Community Actor,,False,False,False,Neutral Engagement,Maryame,Senin,0.2916666666666667,Pagi,7,0.9100816504267417,0.08991834957325828,20,0.2,Descriptively sufficient
glowhunter_ip1923,glowhunter_ip1923,7,8.125,0.0,150,Maryame,Maryame,Maryame + The Originote,Medium,Low,glowhunter_ip1923,Community Actor,,False,False,False,Mixed Goals,Maryame,Senin,0.2916666666666667,Pagi,7,0.9100816504267417,0.08991834957325828,20,0.2,Descriptively sufficient
glowhunter_ip8756,glowhunter_ip8756,7,8.0,0.0,150,Maryame,Maryame,Maryame + The Originote,Medium,Low,glowhunter_ip8756,Community Actor,,False,False,False,Neutral Engagement,Maryame,Senin,0.2916666666666667,Pagi,7,0.9100816504267417,0.08991834957325828,20,0.2,Descriptively sufficient
skinbestie_ip9364,skinbestie_ip9364,7,8.0,0.0,150,Maryame,Maryame,Maryame + The Originote,Medium,Low,skinbestie_ip9364,Community Actor,,False,False,False,Polarized / Contested,Maryame,Senin,0.2916666666666667,Pagi,7,0.9100816504267417,0.08991834957325828,20,0.2,Descriptively sufficient
glowingid_rr53578,glowingid_rr53578,9,6.8392857142857135,0.0064021946107899,63,Maryame,Mixed_3plus_Brands,Maryame + Daviena + The Originote,Medium,Low,glowingid_rr53578,Community Actor,,False,False,False,Neutral Engagement,Mixed_3plus_Brands,Kamis,0.2727272727272727,Malam,20,0.8579424988095209,0.1420575011904791,11,0.2727272727272727,Descriptively sufficient
kulitglowing_ct49929,kulitglowing_ct49929,7,6.375,0.0001220522369474,17,Maryame,Mixed_3plus_Brands,Maryame + The Originote + Azarine,Low,Low,kulitglowing_ct49929,Community Actor,,False,False,False,Promotional / Supportive,Mixed_3plus_Brands,Senin,0.36363636363636365,Malam,20,0.8374438359146111,0.16255616408538887,9,0.2222222222222222,Descriptively sufficient
glowhunter_ct43630,glowhunter_ct43630,4,6.0,0.0,48,The Originote,Mixed_3plus_Brands,The Originote + Azarine + Maryame,Medium,Low,glowhunter_ct43630,Community Actor,,False,False,False,Promotional / Supportive,Mixed_3plus_Brands,Jumat,0.3333333333333333,Siang,12,0.683310763089587,0.31668923691041295,6,0.3333333333333333,Descriptively sufficient
bestieku_ct63653,bestieku_ct63653,4,6.0,0.0,48,The Originote,Mixed_3plus_Brands,The Originote + Azarine + Maryame,Medium,Low,bestieku_ct63653,Community Actor,,False,False,False,Critical / Complaint,Mixed_3plus_Brands,Jumat,0.3333333333333333,Siang,12,0.683310763089587,0.31668923691041295,6,0.3333333333333333,Descriptively sufficient
testireal_ct48546,testireal_ct48546,4,6.0,0.0,48,The Originote,Mixed_3plus_Brands,The Originote + Azarine + Maryame,Medium,Low,testireal_ct48546,Community Actor,,False,False,False,Mixed Goals,Mixed_3plus_Brands,Jumat,0.3333333333333333,Siang,12,0.683310763089587,0.31668923691041295,6,0.3333333333333333,Descriptively sufficient
kulitcerah_ct92565,kulitcerah_ct92565,4,6.0,0.0,48,The Originote,Mixed_3plus_Brands,The Originote + Azarine + Maryame,Medium,Low,kulitcerah_ct92565,Community Actor,,False,False,False,Promotional / Supportive,Mixed_3plus_Brands,Jumat,0.3333333333333333,Siang,12,0.683310763089587,0.31668923691041295,6,0.3333333333333333,Descriptively sufficient
beautyvibe_ct53672,beautyvibe_ct53672,4,6.0,0.0,48,The Originote,Mixed_3plus_Brands,The Originote + Azarine + Maryame,Medium,Low,beautyvibe_ct53672,Community Actor,,False,False,False,Neutral Engagement,Mixed_3plus_Brands,Jumat,0.3333333333333333,Siang,12,0.683310763089587,0.31668923691041295,6,0.3333333333333333,Descriptively sufficient
glowcheck_r3c10m00x7594,glowcheck_r3c10m00x7594,5,5.178571428571428,0.0,113,Maryame,Maryame,Maryame,High,Medium,glowcheck_r3c10m00x7594,Community Actor,,False,False,False,Promotional / Supportive,Maryame,Selasa,0.39285714285714285,Sore,16,0.5468882936427882,0.45311170635721176,3,0.3333333333333333,Descriptively sufficient
glowdiary_r3c03m00x2631,glowdiary_r3c03m00x2631,5,5.178571428571428,0.0,114,Maryame,Maryame,Maryame,High,Medium,glowdiary_r3c03m00x2631,Community Actor,,False,False,False,Promotional / Supportive,Maryame,Jumat,0.39285714285714285,Pagi,6,0.5468882936427882,0.45311170635721176,3,0.3333333333333333,Descriptively sufficient
skinlover_ct23275,skinlover_ct23275,4,5.089285714285714,0.0,87,Daviena,Mixed_2_Brands,Daviena + Maryame,Medium,Low,skinlover_ct23275,Community Actor,,False,False,False,Neutral Engagement,Mixed_2_Brands,Selasa,0.24,Sore,16,0.8229484325323312,0.1770515674676688,5,0.4,Descriptively sufficient
glowup_ct95907,glowup_ct95907,3,5.071428571428571,0.0,20,Daviena,Daviena,Daviena + Maryame,Medium,Low,glowup_ct95907,Community Actor,,False,False,False,Mixed Goals,Daviena,Minggu,0.375,Pagi,17,0.7678541267769685,0.23214587322303148,8,0.375,Descriptively sufficient
dearskin_ct58033,dearskin_ct58033,4,5.0,4.854350333137933e-05,20,Daviena,Daviena,Daviena + Maryame,Medium,Low,dearskin_ct58033,Community Actor,,False,False,False,Neutral Engagement,Daviena,Minggu,0.375,Pagi,17,0.7678541267769685,0.23214587322303148,8,0.375,Descriptively sufficient
skincare_ct87875,skincare_ct87875,4,5.0,4.854350333137933e-05,20,Daviena,Daviena,Daviena + Maryame,Medium,Low,skincare_ct87875,Community Actor,,False,False,False,Promotional / Supportive,Daviena,Minggu,0.375,Pagi,17,0.7678541267769685,0.23214587322303148,8,0.375,Descriptively sufficient
skinbestie_ct9114,skinbestie_ct9114,7,4.875,8.321743428236456e-05,183,The Originote,The Originote,The Originote,High,Low,skinbestie_ct9114,Community Actor,,False,False,False,Mixed Goals,The Originote,Rabu,0.6666666666666666,Malam,7,0.3973562746972977,0.6026437253027024,3,0.6666666666666666,Descriptively sufficient
cantiknyata_r3c06m00x8166,cantiknyata_r3c06m00x8166,5,4.553571428571429,0.0,99,The Originote,The Originote,The Originote,High,Medium,cantiknyata_r3c06m00x8166,Community Actor,,False,False,False,Promotional / Supportive,The Originote,Senin,0.5,Pagi,10,0.3562071871080222,0.6437928128919779,2,0.5,Limited recurrence
glowup_ct93477,glowup_ct93477,6,4.5,0.0,17,Maryame,Mixed_3plus_Brands,Maryame + The Originote + Azarine,Low,Low,glowup_ct93477,Community Actor,,False,False,False,Neutral Engagement,Mixed_3plus_Brands,Senin,0.36363636363636365,Malam,20,0.8374438359146111,0.16255616408538887,9,0.2222222222222222,Descriptively sufficient
glowingid_ct11995,glowingid_ct11995,6,4.5,0.0,17,Maryame,Mixed_3plus_Brands,Maryame + The Originote + Azarine,Low,Low,glowingid_ct11995,Community Actor,,False,False,False,Neutral Engagement,Mixed_3plus_Brands,Senin,0.36363636363636365,Malam,20,0.8374438359146111,0.16255616408538887,9,0.2222222222222222,Descriptively sufficient
skincare_ct68797,skincare_ct68797,6,4.5,0.0,17,Maryame,Mixed_3plus_Brands,Maryame + The Originote + Azarine,Low,Low,skincare_ct68797,Community Actor,,False,False,False,Neutral Engagement,Mixed_3plus_Brands,Senin,0.36363636363636365,Malam,20,0.8374438359146111,0.16255616408538887,9,0.2222222222222222,Descriptively sufficient
beautyaddict_ct75025,beautyaddict_ct75025,6,4.5,0.0,17,Maryame,Mixed_3plus_Brands,Maryame + The Originote + Azarine,Low,Low,beautyaddict_ct75025,Community Actor,,False,False,False,Critical / Complaint,Mixed_3plus_Brands,Senin,0.36363636363636365,Malam,20,0.8374438359146111,0.16255616408538887,9,0.2222222222222222,Descriptively sufficient
glowhunter_ct68859,glowhunter_ct68859,6,4.5,0.0,46,The Originote,The Originote,The Originote + Daviena,Medium,Low,glowhunter_ct68859,Community Actor,,False,False,False,Neutral Engagement,The Originote,Selasa,0.3333333333333333,Siang,11,0.5645750340535796,0.43542496594642044,3,0.3333333333333333,Descriptively sufficient
kulitglowing_ct71939,kulitglowing_ct71939,6,4.5,0.0,46,The Originote,The Originote,The Originote + Daviena,Medium,Low,kulitglowing_ct71939,Community Actor,,False,False,False,Critical / Complaint,The Originote,Selasa,0.3333333333333333,Siang,11,0.5645750340535796,0.43542496594642044,3,0.3333333333333333,Descriptively sufficient
bestieku_ct63780,bestieku_ct63780,6,4.5,0.0,46,The Originote,The Originote,The Originote + Daviena,Medium,Low,bestieku_ct63780,Community Actor,,False,False,False,Mixed Goals,The Originote,Selasa,0.3333333333333333,Siang,11,0.5645750340535796,0.43542496594642044,3,0.3333333333333333,Descriptively sufficient
racun_ct61657,racun_ct61657,6,4.5,0.0,17,Maryame,Mixed_3plus_Brands,Maryame + The Originote + Azarine,Low,Low,racun_ct61657,Community Actor,,False,False,False,Neutral Engagement,Mixed_3plus_Brands,Senin,0.36363636363636365,Malam,20,0.8374438359146111,0.16255616408538887,9,0.2222222222222222,Descriptively sufficient
beautyvibe_ct9600,beautyvibe_ct9600,6,4.5,0.0,17,Maryame,Mixed_3plus_Brands,Maryame + The Originote + Azarine,Low,Low,beautyvibe_ct9600,Community Actor,,False,False,False,Neutral Engagement,Mixed_3plus_Brands,Senin,0.36363636363636365,Malam,20,0.8374438359146111,0.16255616408538887,9,0.2222222222222222,Descriptively sufficient
skinclub_ct998,skinclub_ct998,6,4.5,0.0,46,The Originote,The Originote,The Originote + Daviena,Medium,Low,skinclub_ct998,Community Actor,,False,False,False,Promotional / Supportive,The Originote,Selasa,0.3333333333333333,Siang,11,0.5645750340535796,0.43542496594642044,3,0.3333333333333333,Descriptively sufficient
reviewjujur_ct84556,reviewjujur_ct84556,6,4.5,0.0,46,The Originote,The Originote,The Originote + Daviena,Medium,Low,reviewjujur_ct84556,Community Actor,,False,False,False,Neutral Engagement,The Originote,Selasa,0.3333333333333333,Siang,11,0.5645750340535796,0.43542496594642044,3,0.3333333333333333,Descriptively sufficient
racun_ct19392,racun_ct19392,6,4.5,0.0,46,The Originote,The Originote,The Originote + Daviena,Medium,Low,racun_ct19392,Community Actor,,False,False,False,Neutral Engagement,The Originote,Selasa,0.3333333333333333,Siang,11,0.5645750340535796,0.43542496594642044,3,0.3333333333333333,Descriptively sufficient
beautyvibe_ct18973,beautyvibe_ct18973,6,4.5,0.0,46,The Originote,The Originote,The Originote + Daviena,Medium,Low,beautyvibe_ct18973,Community Actor,,False,False,False,Neutral Engagement,The Originote,Selasa,0.3333333333333333,Siang,11,0.5645750340535796,0.43542496594642044,3,0.3333333333333333,Descriptively sufficient
racun_ct40815,racun_ct40815,3,4.5,0.0,45,Maryame,Mixed_3plus_Brands,Maryame + Azarine + The Originote,Medium,Low,racun_ct40815,Community Actor,,False,False,False,Neutral Engagement,Mixed_3plus_Brands,Sabtu,0.3333333333333333,Pagi,5,0.8020464921255943,0.1979535078744057,6,0.3333333333333333,Descriptively sufficient
reviewjujur_ct43520,reviewjujur_ct43520,3,4.5,0.0,45,Maryame,Mixed_3plus_Brands,Maryame + Azarine + The Originote,Medium,Low,reviewjujur_ct43520,Community Actor,,False,False,False,Mixed Goals,Mixed_3plus_Brands,Sabtu,0.3333333333333333,Pagi,5,0.8020464921255943,0.1979535078744057,6,0.3333333333333333,Descriptively sufficient
beautyvibe_ct13413,beautyvibe_ct13413,3,4.5,0.0,45,Maryame,Mixed_3plus_Brands,Maryame + Azarine + The Originote,Medium,Low,beautyvibe_ct13413,Community Actor,,False,False,False,Neutral Engagement,Mixed_3plus_Brands,Sabtu,0.3333333333333333,Pagi,5,0.8020464921255943,0.1979535078744057,6,0.3333333333333333,Descriptively sufficient
testireal_ct49360,testireal_ct49360,3,4.5,0.0,45,Maryame,Mixed_3plus_Brands,Maryame + Azarine + The Originote,Medium,Low,testireal_ct49360,Community Actor,,False,False,False,Neutral Engagement,Mixed_3plus_Brands,Sabtu,0.3333333333333333,Pagi,5,0.8020464921255943,0.1979535078744057,6,0.3333333333333333,Descriptively sufficient
glowingid_ct18883,glowingid_ct18883,4,4.375,0.0,87,Daviena,Mixed_2_Brands,Daviena + Maryame,Medium,Low,glowingid_ct18883,Community Actor,,False,False,False,Promotional / Supportive,Mixed_2_Brands,Selasa,0.24,Sore,16,0.8229484325323312,0.1770515674676688,5,0.4,Descriptively sufficient
skintok_ct98906,skintok_ct98906,4,4.375,0.0,87,Daviena,Mixed_2_Brands,Daviena + Maryame,Medium,Low,skintok_ct98906,Community Actor,,False,False,False,Promotional / Supportive,Mixed_2_Brands,Selasa,0.24,Sore,16,0.8229484325323312,0.1770515674676688,5,0.4,Descriptively sufficient
skintok_ct36635,skintok_ct36635,4,4.375,0.0,87,Daviena,Mixed_2_Brands,Daviena + Maryame,Medium,Low,skintok_ct36635,Community Actor,,False,False,False,Neutral Engagement,Mixed_2_Brands,Selasa,0.24,Sore,16,0.8229484325323312,0.1770515674676688,5,0.4,Descriptively sufficient
skinbestie_ct9146,skinbestie_ct9146,6,4.285714285714286,2.773914476078819e-05,182,Not identified,Not identified,,,Low,skinbestie_ct9146,Community Actor,,False,False,False,Mixed Goals,Not identified,Senin,0.3333333333333333,Pagi,1,0.5645750340535796,0.43542496594642044,3,0.3333333333333333,Descriptively sufficient
skinbestie_ct9276,skinbestie_ct9276,6,4.285714285714286,2.219131580863055e-05,15,The Originote,The Originote,The Originote,High,Low,skinbestie_ct9276,Community Actor,,False,False,False,Mixed Goals,The Originote,Selasa,0.6666666666666666,Malam,17,0.3271035759815648,0.6728964240184352,3,0.6666666666666666,Descriptively sufficient
glowup_ct3239,glowup_ct3239,6,4.285714285714286,1.1095657904315277e-05,117,The Originote,The Originote,The Originote,High,Low,glowup_ct3239,Community Actor,,False,False,False,Neutral Engagement,The Originote,Rabu,0.3333333333333333,Siang,13,0.5645750340535796,0.43542496594642044,3,0.3333333333333333,Descriptively sufficient
skinclub_ct2318,skinclub_ct2318,6,4.285714285714286,3.051305923686701e-05,2,Maryame,Maryame,Maryame,High,Low,skinclub_ct2318,Community Actor,,False,False,False,Neutral Engagement,Maryame,Rabu,0.3333333333333333,Pagi,8,0.5645750340535796,0.43542496594642044,3,0.3333333333333333,Descriptively sufficient
skincare_ct7727,skincare_ct7727,6,4.285714285714286,3.051305923686701e-05,2,Maryame,Maryame,Maryame,High,Low,skincare_ct7727,Community Actor,,False,False,False,Critical / Complaint,Maryame,Rabu,0.3333333333333333,Pagi,8,0.5645750340535796,0.43542496594642044,3,0.3333333333333333,Descriptively sufficient
dearskin_ct6747,dearskin_ct6747,6,4.285714285714286,2.4965230284709368e-05,50,Maryame,Maryame,Maryame,High,Low,dearskin_ct6747,Community Actor,,False,False,False,Promotional / Supportive,Maryame,Selasa,0.3333333333333333,Pagi,6,0.5645750340535796,0.43542496594642044,3,0.3333333333333333,Descriptively sufficient
racun_ct1114,racun_ct1114,6,4.285714285714286,2.773914476078819e-05,50,Maryame,Maryame,Maryame,High,Low,racun_ct1114,Community Actor,,False,False,False,Mixed Goals,Maryame,Selasa,0.3333333333333333,Pagi,6,0.5645750340535796,0.43542496594642044,3,0.3333333333333333,Descriptively sufficient
beautyaddict_ct7716,beautyaddict_ct7716,6,4.285714285714286,1.9417401332551733e-05,18,The Originote,The Originote,The Originote,High,Low,beautyaddict_ct7716,Community Actor,,False,False,False,Mixed Goals,The Originote,Rabu,0.6666666666666666,Malam,19,0.3271035759815648,0.6728964240184352,3,0.6666666666666666,Descriptively sufficient
reviewpedas_r3c09m00x7495,reviewpedas_r3c09m00x7495,4,4.142857142857142,0.0,191,The Originote,The Originote,The Originote,High,Medium,reviewpedas_r3c09m00x7495,Community Actor,,False,False,False,Promotional / Supportive,The Originote,Senin,0.391304347826087,Sore,16,0.5478409930036074,0.45215900699639255,3,0.3333333333333333,Descriptively sufficient
testiaman_r3c02m00x9822,testiaman_r3c02m00x9822,4,4.142857142857142,0.0,205,The Originote,The Originote,The Originote,High,Medium,testiaman_r3c02m00x9822,Community Actor,,False,False,False,Promotional / Supportive,The Originote,Rabu,0.6086956521739131,Dini Hari,0,0.34396653083781187,0.6560334691621881,3,0.6666666666666666,Descriptively sufficient
beautyfess_r3c05m00x6415,beautyfess_r3c05m00x6415,4,4.142857142857142,0.0,42,Daviena,Daviena,Daviena,High,Medium,beautyfess_r3c05m00x6415,Community Actor,,False,False,False,Promotional / Supportive,Daviena,Sabtu,0.6086956521739131,Siang,11,0.34396653083781187,0.6560334691621881,3,0.6666666666666666,Descriptively sufficient
cantik_ct9210,cantik_ct9210,4,4.125,0.0001137304935192,17,Maryame,Mixed_3plus_Brands,Maryame + The Originote + Azarine,Low,Low,cantik_ct9210,Community Actor,,False,False,False,Neutral Engagement,Mixed_3plus_Brands,Senin,0.36363636363636365,Malam,20,0.8374438359146111,0.16255616408538887,9,0.2222222222222222,Descriptively sufficient
skinlover_ct4123,skinlover_ct4123,5,4.071428571428571,2.219131580863055e-05,49,Daviena,Mixed_3plus_Brands,Daviena + Maryame + The Originote,Low,Low,skinlover_ct4123,Community Actor,,False,False,False,Neutral Engagement,Mixed_3plus_Brands,Jumat,0.6,Pagi,5,0.4614528195419034,0.5385471804580966,4,0.5,Descriptively sufficient
reviewjujur_ct9773,reviewjujur_ct9773,6,4.071428571428571,5.270437504549756e-05,183,The Originote,The Originote,The Originote,High,Low,reviewjujur_ct9773,Community Actor,,False,False,False,Neutral Engagement,The Originote,Rabu,0.6666666666666666,Malam,7,0.3973562746972977,0.6026437253027024,3,0.6666666666666666,Descriptively sufficient
skinlover_ip490,skinlover_ip490,6,4.035714285714286,0.0001220522369474,103,Daviena,Daviena,Daviena,High,Low,skinlover_ip490,Community Actor,,False,False,False,Neutral Engagement,Daviena,Minggu,0.2,Pagi,17,0.9749762821613742,0.02502371783862578,21,0.2857142857142857,Descriptively sufficient
glowdiary_r3c03m05x9471,glowdiary_r3c03m05x9471,5,4.035714285714286,0.0,114,Maryame,Maryame,Maryame,High,Medium,glowdiary_r3c03m05x9471,Community Actor,,False,False,False,Promotional / Supportive,Maryame,Jumat,0.39285714285714285,Pagi,6,0.5468882936427882,0.45311170635721176,3,0.3333333333333333,Descriptively sufficient
glowdiary_r3c03m01x2588,glowdiary_r3c03m01x2588,5,4.035714285714286,0.0,114,Maryame,Maryame,Maryame,High,Medium,glowdiary_r3c03m01x2588,Community Actor,,False,False,False,Promotional / Supportive,Maryame,Jumat,0.39285714285714285,Pagi,6,0.5468882936427882,0.45311170635721176,3,0.3333333333333333,Descriptively sufficient
glowcheck_r3c10m05x2485,glowcheck_r3c10m05x2485,5,4.035714285714286,0.0,113,Maryame,Maryame,Maryame,High,Medium,glowcheck_r3c10m05x2485,Community Actor,,False,False,False,Promotional / Supportive,Maryame,Selasa,0.39285714285714285,Sore,16,0.5468882936427882,0.45311170635721176,3,0.3333333333333333,Descriptively sufficient
skinlover_ip9713,skinlover_ip9713,6,4.035714285714286,0.0001220522369474,103,Daviena,Daviena,Daviena,High,Low,skinlover_ip9713,Community Actor,,False,False,False,Neutral Engagement,Daviena,Minggu,0.2,Pagi,17,0.9749762821613742,0.02502371783862578,21,0.2857142857142857,Descriptively sufficient
glowcheck_r3c10m03x7520,glowcheck_r3c10m03x7520,5,4.035714285714286,0.0,113,Maryame,Maryame,Maryame,High,Medium,glowcheck_r3c10m03x7520,Community Actor,,False,False,False,Promotional / Supportive,Maryame,Selasa,0.39285714285714285,Sore,16,0.5468882936427882,0.45311170635721176,3,0.3333333333333333,Descriptively sufficient
glowdiary_r3c03m02x1592,glowdiary_r3c03m02x1592,5,4.035714285714286,0.0,114,Maryame,Maryame,Maryame,High,Medium,glowdiary_r3c03m02x1592,Community Actor,,False,False,False,Promotional / Supportive,Maryame,Jumat,0.39285714285714285,Pagi,6,0.5468882936427882,0.45311170635721176,3,0.3333333333333333,Descriptively sufficient
glowcheck_r3c10m02x8990,glowcheck_r3c10m02x8990,5,4.035714285714286,0.0,113,Maryame,Maryame,Maryame,High,Medium,glowcheck_r3c10m02x8990,Community Actor,,False,False,False,Promotional / Supportive,Maryame,Selasa,0.39285714285714285,Sore,16,0.5468882936427882,0.45311170635721176,3,0.3333333333333333,Descriptively sufficient
glowcheck_r3c10m01x2927,glowcheck_r3c10m01x2927,5,4.035714285714286,0.0,113,Maryame,Maryame,Maryame,High,Medium,glowcheck_r3c10m01x2927,Community Actor,,False,False,False,Promotional / Supportive,Maryame,Selasa,0.39285714285714285,Sore,16,0.5468882936427882,0.45311170635721176,3,0.3333333333333333,Descriptively sufficient
kulitsehat_ip5592,kulitsehat_ip5592,6,4.035714285714286,0.0001220522369474,103,Daviena,Daviena,Daviena,High,Low,kulitsehat_ip5592,Community Actor,,False,False,False,Neutral Engagement,Daviena,Minggu,0.2,Pagi,17,0.9749762821613742,0.02502371783862578,21,0.2857142857142857,Descriptively sufficient
beautyvibe_ip8477,beautyvibe_ip8477,6,4.035714285714286,4.9930460569418735e-05,103,Daviena,Daviena,Daviena,High,Low,beautyvibe_ip8477,Community Actor,,False,False,False,Neutral Engagement,Daviena,Minggu,0.2,Pagi,17,0.9749762821613742,0.02502371783862578,21,0.2857142857142857,Descriptively sufficient
glowdiary_r3c03m03x1823,glowdiary_r3c03m03x1823,5,4.035714285714286,0.0,114,Maryame,Maryame,Maryame,High,Medium,glowdiary_r3c03m03x1823,Community Actor,,False,False,False,Promotional / Supportive,Maryame,Jumat,0.39285714285714285,Pagi,6,0.5468882936427882,0.45311170635721176,3,0.3333333333333333,Descriptively sufficient
glowdiary_r3c03m04x6886,glowdiary_r3c03m04x6886,5,4.035714285714286,0.0,114,Maryame,Maryame,Maryame,High,Medium,glowdiary_r3c03m04x6886,Community Actor,,False,False,False,Promotional / Supportive,Maryame,Jumat,0.39285714285714285,Pagi,6,0.5468882936427882,0.45311170635721176,3,0.3333333333333333,Descriptively sufficient
glowcheck_r3c10m04x9521,glowcheck_r3c10m04x9521,5,4.035714285714286,0.0,113,Maryame,Maryame,Maryame,High,Medium,glowcheck_r3c10m04x9521,Community Actor,,False,False,False,Promotional / Supportive,Maryame,Selasa,0.39285714285714285,Sore,16,0.5468882936427882,0.45311170635721176,3,0.3333333333333333,Descriptively sufficient
skinlover_ct782,skinlover_ct782,5,3.803571428571429,1.6643486856472912e-05,183,The Originote,The Originote,The Originote,High,Low,skinlover_ct782,Community Actor,,False,False,False,Neutral Engagement,The Originote,Rabu,0.6666666666666666,Malam,7,0.3973562746972977,0.6026437253027024,3,0.6666666666666666,Descriptively sufficient
beauty_ct8829,beauty_ct8829,5,3.75,0.0,2,Maryame,Maryame,Maryame,High,Low,beauty_ct8829,Community Actor,,False,False,False,Promotional / Supportive,Maryame,Rabu,0.3333333333333333,Pagi,8,0.5645750340535796,0.43542496594642044,3,0.3333333333333333,Descriptively sufficient
beauty_ct7151,beauty_ct7151,5,3.75,0.0,2,Maryame,Maryame,Maryame,High,Low,beauty_ct7151,Community Actor,,False,False,False,Neutral Engagement,Maryame,Rabu,0.3333333333333333,Pagi,8,0.5645750340535796,0.43542496594642044,3,0.3333333333333333,Descriptively sufficient
beautyaddict_ct4776,beautyaddict_ct4776,5,3.75,0.0,15,The Originote,The Originote,The Originote,High,Low,beautyaddict_ct4776,Community Actor,,False,False,False,Neutral Engagement,The Originote,Selasa,0.6666666666666666,Malam,17,0.3271035759815648,0.6728964240184352,3,0.6666666666666666,Descriptively sufficient
beautyaddict_ct2062,beautyaddict_ct2062,5,3.75,0.0,15,The Originote,The Originote,The Originote,High,Low,beautyaddict_ct2062,Community Actor,,False,False,False,Neutral Engagement,The Originote,Selasa,0.6666666666666666,Malam,17,0.3271035759815648,0.6728964240184352,3,0.6666666666666666,Descriptively sufficient
skinbestie_ct5848,skinbestie_ct5848,5,3.75,0.0,50,Maryame,Maryame,Maryame,High,Low,skinbestie_ct5848,Community Actor,,False,False,False,Neutral Engagement,Maryame,Selasa,0.3333333333333333,Pagi,6,0.5645750340535796,0.43542496594642044,3,0.3333333333333333,Descriptively sufficient
beautyaddict_ct8242,beautyaddict_ct8242,5,3.75,0.0,2,Maryame,Maryame,Maryame,High,Low,beautyaddict_ct8242,Community Actor,,False,False,False,Neutral Engagement,Maryame,Rabu,0.3333333333333333,Pagi,8,0.5645750340535796,0.43542496594642044,3,0.3333333333333333,Descriptively sufficient
skincare_ct1100,skincare_ct1100,5,3.75,0.0,182,Not identified,Not identified,,,Low,skincare_ct1100,Community Actor,,False,False,False,Critical / Complaint,Not identified,Senin,0.3333333333333333,Pagi,1,0.5645750340535796,0.43542496594642044,3,0.3333333333333333,Descriptively sufficient
skinclub_ct4422,skinclub_ct4422,5,3.75,0.0,50,Maryame,Maryame,Maryame,High,Low,skinclub_ct4422,Community Actor,,False,False,False,Neutral Engagement,Maryame,Selasa,0.3333333333333333,Pagi,6,0.5645750340535796,0.43542496594642044,3,0.3333333333333333,Descriptively sufficient
cantik_ct3314,cantik_ct3314,5,3.75,0.0,50,Maryame,Maryame,Maryame,High,Low,cantik_ct3314,Community Actor,,False,False,False,Neutral Engagement,Maryame,Selasa,0.3333333333333333,Pagi,6,0.5645750340535796,0.43542496594642044,3,0.3333333333333333,Descriptively sufficient
beautyvibe_ct7323,beautyvibe_ct7323,5,3.75,0.0,50,Maryame,Maryame,Maryame,High,Low,beautyvibe_ct7323,Community Actor,,False,False,False,Mixed Goals,Maryame,Selasa,0.3333333333333333,Pagi,6,0.5645750340535796,0.43542496594642044,3,0.3333333333333333,Descriptively sufficient
skinclub_ct9386,skinclub_ct9386,5,3.75,0.0,18,The Originote,The Originote,The Originote,High,Low,skinclub_ct9386,Community Actor,,False,False,False,Neutral Engagement,The Originote,Rabu,0.6666666666666666,Malam,19,0.3271035759815648,0.6728964240184352,3,0.6666666666666666,Descriptively sufficient
glowup_ct2135,glowup_ct2135,5,3.75,0.0,18,The Originote,The Originote,The Originote,High,Low,glowup_ct2135,Community Actor,,False,False,False,Neutral Engagement,The Originote,Rabu,0.6666666666666666,Malam,19,0.3271035759815648,0.6728964240184352,3,0.6666666666666666,Descriptively sufficient
kulitglowing_ct6396,kulitglowing_ct6396,5,3.75,0.0,18,The Originote,The Originote,The Originote,High,Low,kulitglowing_ct6396,Community Actor,,False,False,False,Promotional / Supportive,The Originote,Rabu,0.6666666666666666,Malam,19,0.3271035759815648,0.6728964240184352,3,0.6666666666666666,Descriptively sufficient
racun_ct8621,racun_ct8621,5,3.75,0.0,15,The Originote,The Originote,The Originote,High,Low,racun_ct8621,Community Actor,,False,False,False,Mixed Goals,The Originote,Selasa,0.6666666666666666,Malam,17,0.3271035759815648,0.6728964240184352,3,0.6666666666666666,Descriptively sufficient
racun_ct2295,racun_ct2295,5,3.75,0.0,15,The Originote,The Originote,The Originote,High,Low,racun_ct2295,Community Actor,,False,False,False,Mixed Goals,The Originote,Selasa,0.6666666666666666,Malam,17,0.3271035759815648,0.6728964240184352,3,0.6666666666666666,Descriptively sufficient
skinclub_ct7669,skinclub_ct7669,5,3.75,0.0,18,The Originote,The Originote,The Originote,High,Low,skinclub_ct7669,Community Actor,,False,False,False,Promotional / Supportive,The Originote,Rabu,0.6666666666666666,Malam,19,0.3271035759815648,0.6728964240184352,3,0.6666666666666666,Descriptively sufficient
glowhunter_ct4367,glowhunter_ct4367,5,3.75,0.0,18,The Originote,The Originote,The Originote,High,Low,glowhunter_ct4367,Community Actor,,False,False,False,Mixed Goals,The Originote,Rabu,0.6666666666666666,Malam,19,0.3271035759815648,0.6728964240184352,3,0.6666666666666666,Descriptively sufficient
beautyvibe_ct2527,beautyvibe_ct2527,5,3.75,0.0,2,Maryame,Maryame,Maryame,High,Low,beautyvibe_ct2527,Community Actor,,False,False,False,Mixed Goals,Maryame,Rabu,0.3333333333333333,Pagi,8,0.5645750340535796,0.43542496594642044,3,0.3333333333333333,Descriptively sufficient
skinclub_ct3535,skinclub_ct3535,5,3.75,0.0,117,The Originote,The Originote,The Originote,High,Low,skinclub_ct3535,Community Actor,,False,False,False,Neutral Engagement,The Originote,Rabu,0.3333333333333333,Siang,13,0.5645750340535796,0.43542496594642044,3,0.3333333333333333,Descriptively sufficient
kulitglowing_ct595,kulitglowing_ct595,5,3.75,0.0,117,The Originote,The Originote,The Originote,High,Low,kulitglowing_ct595,Community Actor,,False,False,False,Neutral Engagement,The Originote,Rabu,0.3333333333333333,Siang,13,0.5645750340535796,0.43542496594642044,3,0.3333333333333333,Descriptively sufficient
racun_ct2554,racun_ct2554,5,3.75,0.0,182,Not identified,Not identified,,,Low,racun_ct2554,Community Actor,,False,False,False,Critical / Complaint,Not identified,Senin,0.3333333333333333,Pagi,1,0.5645750340535796,0.43542496594642044,3,0.3333333333333333,Descriptively sufficient
glowup_ct6488,glowup_ct6488,5,3.75,0.0,117,The Originote,The Originote,The Originote,High,Low,glowup_ct6488,Community Actor,,False,False,False,Neutral Engagement,The Originote,Rabu,0.3333333333333333,Siang,13,0.5645750340535796,0.43542496594642044,3,0.3333333333333333,Descriptively sufficient
glowhunter_ct152,glowhunter_ct152,5,3.75,0.0,117,The Originote,The Originote,The Originote,High,Low,glowhunter_ct152,Community Actor,,False,False,False,Neutral Engagement,The Originote,Rabu,0.3333333333333333,Siang,13,0.5645750340535796,0.43542496594642044,3,0.3333333333333333,Descriptively sufficient
racun_ct5875,racun_ct5875,5,3.75,0.0,182,Not identified,Not identified,,,Low,racun_ct5875,Community Actor,,False,False,False,Neutral Engagement,Not identified,Senin,0.3333333333333333,Pagi,1,0.5645750340535796,0.43542496594642044,3,0.3333333333333333,Descriptively sufficient
racun_ct2082,racun_ct2082,5,3.75,0.0,117,The Originote,The Originote,The Originote,High,Low,racun_ct2082,Community Actor,,False,False,False,Neutral Engagement,The Originote,Rabu,0.3333333333333333,Siang,13,0.5645750340535796,0.43542496594642044,3,0.3333333333333333,Descriptively sufficient
reviewjujur_ct5021,reviewjujur_ct5021,5,3.75,0.0,182,Not identified,Not identified,,,Low,reviewjujur_ct5021,Community Actor,,False,False,False,Neutral Engagement,Not identified,Senin,0.3333333333333333,Pagi,1,0.5645750340535796,0.43542496594642044,3,0.3333333333333333,Descriptively sufficient
kulitsehat_ct8443,kulitsehat_ct8443,5,3.75,0.0,15,The Originote,The Originote,The Originote,High,Low,kulitsehat_ct8443,Community Actor,,False,False,False,Neutral Engagement,The Originote,Selasa,0.6666666666666666,Malam,17,0.3271035759815648,0.6728964240184352,3,0.6666666666666666,Descriptively sufficient
reviewjujur_ct8615,reviewjujur_ct8615,5,3.75,0.0,182,Not identified,Not identified,,,Low,reviewjujur_ct8615,Community Actor,,False,False,False,Neutral Engagement,Not identified,Senin,0.3333333333333333,Pagi,1,0.5645750340535796,0.43542496594642044,3,0.3333333333333333,Descriptively sufficient
beautyvibe_ct6553,beautyvibe_ct6553,5,3.5357142857142856,2.4965230284709368e-05,49,Daviena,Mixed_3plus_Brands,Daviena + Maryame + The Originote,Low,Low,beautyvibe_ct6553,Community Actor,,False,False,False,Neutral Engagement,Mixed_3plus_Brands,Jumat,0.6,Pagi,5,0.4614528195419034,0.5385471804580966,4,0.5,Descriptively sufficient
skincare_ip6366,skincare_ip6366,5,3.5,0.0,103,Daviena,Daviena,Daviena,High,Low,skincare_ip6366,Community Actor,,False,False,False,Neutral Engagement,Daviena,Minggu,0.2,Pagi,17,0.9749762821613742,0.02502371783862578,21,0.2857142857142857,Descriptively sufficient
beautyaddict_ct95316,beautyaddict_ct95316,2,3.5,0.0,1,Daviena,Mixed_3plus_Brands,Daviena + Maryame + Azarine,Low,Low,beautyaddict_ct95316,Community Actor,,False,False,False,Neutral Engagement,Mixed_3plus_Brands,Kamis,0.42857142857142855,Pagi,10,0.7580392711198944,0.24196072888010556,7,0.42857142857142855,Descriptively sufficient
glowingid_ct92516,glowingid_ct92516,2,3.5,0.0,1,Daviena,Mixed_3plus_Brands,Daviena + Maryame + Azarine,Low,Low,glowingid_ct92516,Community Actor,,False,False,False,Neutral Engagement,Mixed_3plus_Brands,Kamis,0.42857142857142855,Pagi,10,0.7580392711198944,0.24196072888010556,7,0.42857142857142855,Descriptively sufficient
beauty_ct61338,beauty_ct61338,2,3.5,0.0,1,Daviena,Mixed_3plus_Brands,Daviena + Maryame + Azarine,Low,Low,beauty_ct61338,Community Actor,,False,False,False,Promotional / Supportive,Mixed_3plus_Brands,Kamis,0.42857142857142855,Pagi,10,0.7580392711198944,0.24196072888010556,7,0.42857142857142855,Descriptively sufficient
cantiknyata_r3c06m04x5441,cantiknyata_r3c06m04x5441,5,3.4107142857142856,0.0,99,The Originote,The Originote,The Originote,High,Medium,cantiknyata_r3c06m04x5441,Community Actor,,False,False,False,Promotional / Supportive,The Originote,Senin,0.5,Pagi,10,0.3562071871080222,0.6437928128919779,2,0.5,Limited recurrence
cantiknyata_r3c06m01x3833,cantiknyata_r3c06m01x3833,5,3.4107142857142856,0.0,99,The Originote,The Originote,The Originote,High,Medium,cantiknyata_r3c06m01x3833,Community Actor,,False,False,False,Promotional / Supportive,The Originote,Senin,0.5,Pagi,10,0.3562071871080222,0.6437928128919779,2,0.5,Limited recurrence
cantiknyata_r3c06m02x7276,cantiknyata_r3c06m02x7276,5,3.4107142857142856,0.0,99,The Originote,The Originote,The Originote,High,Medium,cantiknyata_r3c06m02x7276,Community Actor,,False,False,False,Promotional / Supportive,The Originote,Senin,0.5,Pagi,10,0.3562071871080222,0.6437928128919779,2,0.5,Limited recurrence
cantiknyata_r3c06m03x7677,cantiknyata_r3c06m03x7677,5,3.4107142857142856,0.0,99,The Originote,The Originote,The Originote,High,Medium,cantiknyata_r3c06m03x7677,Community Actor,,False,False,False,Promotional / Supportive,The Originote,Senin,0.5,Pagi,10,0.3562071871080222,0.6437928128919779,2,0.5,Limited recurrence
cantiknyata_r3c06m05x2517,cantiknyata_r3c06m05x2517,5,3.4107142857142856,0.0,99,The Originote,The Originote,The Originote,High,Medium,cantiknyata_r3c06m05x2517,Community Actor,,False,False,False,Promotional / Supportive,The Originote,Senin,0.5,Pagi,10,0.3562071871080222,0.6437928128919779,2,0.5,Limited recurrence
reviewpedas_r3c09m02x6779,reviewpedas_r3c09m02x6779,4,3.2857142857142856,0.0,191,The Originote,The Originote,The Originote,High,Medium,reviewpedas_r3c09m02x6779,Community Actor,,False,False,False,Promotional / Supportive,The Originote,Senin,0.391304347826087,Sore,16,0.5478409930036074,0.45215900699639255,3,0.3333333333333333,Descriptively sufficient
reviewpedas_r3c09m01x4727,reviewpedas_r3c09m01x4727,4,3.2857142857142856,0.0,191,The Originote,The Originote,The Originote,High,Medium,reviewpedas_r3c09m01x4727,Community Actor,,False,False,False,Promotional / Supportive,The Originote,Senin,0.391304347826087,Sore,16,0.5478409930036074,0.45215900699639255,3,0.3333333333333333,Descriptively sufficient
reviewpedas_r3c09m04x5100,reviewpedas_r3c09m04x5100,4,3.2857142857142856,0.0,191,The Originote,The Originote,The Originote,High,Medium,reviewpedas_r3c09m04x5100,Community Actor,,False,False,False,Promotional / Supportive,The Originote,Senin,0.391304347826087,Sore,16,0.5478409930036074,0.45215900699639255,3,0.3333333333333333,Descriptively sufficient
reviewpedas_r3c09m03x3704,reviewpedas_r3c09m03x3704,4,3.2857142857142856,0.0,191,The Originote,The Originote,The Originote,High,Medium,reviewpedas_r3c09m03x3704,Community Actor,,False,False,False,Promotional / Supportive,The Originote,Senin,0.391304347826087,Sore,16,0.5478409930036074,0.45215900699639255,3,0.3333333333333333,Descriptively sufficient
beautyfess_r3c05m01x4347,beautyfess_r3c05m01x4347,4,3.2857142857142856,0.0,42,Daviena,Daviena,Daviena,High,Medium,beautyfess_r3c05m01x4347,Community Actor,,False,False,False,Promotional / Supportive,Daviena,Sabtu,0.6086956521739131,Siang,11,0.34396653083781187,0.6560334691621881,3,0.6666666666666666,Descriptively sufficient
beautyfess_r3c05m04x3629,beautyfess_r3c05m04x3629,4,3.2857142857142856,0.0,42,Daviena,Daviena,Daviena,High,Medium,beautyfess_r3c05m04x3629,Community Actor,,False,False,False,Promotional / Supportive,Daviena,Sabtu,0.6086956521739131,Siang,11,0.34396653083781187,0.6560334691621881,3,0.6666666666666666,Descriptively sufficient
testiaman_r3c02m03x8993,testiaman_r3c02m03x8993,4,3.2857142857142856,0.0,205,The Originote,The Originote,The Originote,High,Medium,testiaman_r3c02m03x8993,Community Actor,,False,False,False,Promotional / Supportive,The Originote,Rabu,0.6086956521739131,Dini Hari,0,0.34396653083781187,0.6560334691621881,3,0.6666666666666666,Descriptively sufficient
beautyfess_r3c05m02x6049,beautyfess_r3c05m02x6049,4,3.2857142857142856,0.0,42,Daviena,Daviena,Daviena,High,Medium,beautyfess_r3c05m02x6049,Community Actor,,False,False,False,Promotional / Supportive,Daviena,Sabtu,0.6086956521739131,Siang,11,0.34396653083781187,0.6560334691621881,3,0.6666666666666666,Descriptively sufficient
testiaman_r3c02m01x8585,testiaman_r3c02m01x8585,4,3.2857142857142856,0.0,205,The Originote,The Originote,The Originote,High,Medium,testiaman_r3c02m01x8585,Community Actor,,False,False,False,Promotional / Supportive,The Originote,Rabu,0.6086956521739131,Dini Hari,0,0.34396653083781187,0.6560334691621881,3,0.6666666666666666,Descriptively sufficient
testiaman_r3c02m02x2716,testiaman_r3c02m02x2716,4,3.2857142857142856,0.0,205,The Originote,The Originote,The Originote,High,Medium,testiaman_r3c02m02x2716,Community Actor,,False,False,False,Promotional / Supportive,The Originote,Rabu,0.6086956521739131,Dini Hari,0,0.34396653083781187,0.6560334691621881,3,0.6666666666666666,Descriptively sufficient
testiaman_r3c02m04x8847,testiaman_r3c02m04x8847,4,3.2857142857142856,0.0,205,The Originote,The Originote,The Originote,High,Medium,testiaman_r3c02m04x8847,Community Actor,,False,False,False,Promotional / Supportive,The Originote,Rabu,0.6086956521739131,Dini Hari,0,0.34396653083781187,0.6560334691621881,3,0.6666666666666666,Descriptively sufficient
beautyfess_r3c05m03x8357,beautyfess_r3c05m03x8357,4,3.2857142857142856,0.0,42,Daviena,Daviena,Daviena,High,Medium,beautyfess_r3c05m03x8357,Community Actor,,False,False,False,Promotional / Supportive,Daviena,Sabtu,0.6086956521739131,Siang,11,0.34396653083781187,0.6560334691621881,3,0.6666666666666666,Descriptively sufficient
bestieku_rr99428,bestieku_rr99428,4,3.2142857142857144,0.0,87,Daviena,Mixed_2_Brands,Daviena + Maryame,Medium,Low,bestieku_rr99428,Community Actor,,False,False,False,Mixed Goals,Mixed_2_Brands,Selasa,0.24,Sore,16,0.8229484325323312,0.1770515674676688,5,0.4,Descriptively sufficient
ulasankilat_r3c07m00x2561,ulasankilat_r3c07m00x2561,4,3.142857142857143,0.0,206,Maryame,Maryame,Maryame,High,Medium,ulasankilat_r3c07m00x2561,Community Actor,,False,False,False,Promotional / Supportive,Maryame,Rabu,1.0,Siang,12,-0.0,1.0,1,1.0,Insufficient observations
racikcantik_r3c08m00x5448,racikcantik_r3c08m00x5448,4,3.142857142857143,0.0,181,Daviena,Daviena,Daviena,High,Medium,racikcantik_r3c08m00x5448,Community Actor,,False,False,False,Promotional / Supportive,Daviena,Minggu,1.0,Siang,13,-0.0,1.0,1,1.0,Insufficient observations
kulitkece_r3c01m00x5166,kulitkece_r3c01m00x5166,4,3.142857142857143,0.0,168,Daviena,Daviena,Daviena,High,Low,kulitkece_r3c01m00x5166,Community Actor,,False,False,False,Promotional / Supportive,Daviena,Selasa,1.0,Pagi,7,-0.0,1.0,1,1.0,Insufficient observations
glowhunter_ct64974,glowhunter_ct64974,4,3.0,0.0,3,Maryame,Mixed_2_Brands,Maryame + The Originote,Medium,Low,glowhunter_ct64974,Community Actor,,False,False,False,Neutral Engagement,Mixed_2_Brands,Selasa,0.3333333333333333,Malam,20,0.5645750340535796,0.43542496594642044,3,0.3333333333333333,Descriptively sufficient
glowingid_ct74353,glowingid_ct74353,4,3.0,0.0,3,Maryame,Mixed_2_Brands,Maryame + The Originote,Medium,Low,glowingid_ct74353,Community Actor,,False,False,False,Critical / Complaint,Mixed_2_Brands,Selasa,0.3333333333333333,Malam,20,0.5645750340535796,0.43542496594642044,3,0.3333333333333333,Descriptively sufficient
beauty_ct89266,beauty_ct89266,4,3.0,0.0,3,Maryame,Mixed_2_Brands,Maryame + The Originote,Medium,Low,beauty_ct89266,Community Actor,,False,False,False,Neutral Engagement,Mixed_2_Brands,Selasa,0.3333333333333333,Malam,20,0.5645750340535796,0.43542496594642044,3,0.3333333333333333,Descriptively sufficient
cantik_ct99107,cantik_ct99107,4,3.0,0.0,3,Maryame,Mixed_2_Brands,Maryame + The Originote,Medium,Low,cantik_ct99107,Community Actor,,False,False,False,Neutral Engagement,Mixed_2_Brands,Selasa,0.3333333333333333,Malam,20,0.5645750340535796,0.43542496594642044,3,0.3333333333333333,Descriptively sufficient
skinlover_ct27853,skinlover_ct27853,4,3.0,0.0,3,Maryame,Mixed_2_Brands,Maryame + The Originote,Medium,Low,skinlover_ct27853,Community Actor,,False,False,False,Neutral Engagement,Mixed_2_Brands,Selasa,0.3333333333333333,Malam,20,0.5645750340535796,0.43542496594642044,3,0.3333333333333333,Descriptively sufficient
reviewjujur_ct9366,reviewjujur_ct9366,4,3.0,0.0,183,The Originote,The Originote,The Originote,High,Low,reviewjujur_ct9366,Community Actor,,False,False,False,Neutral Engagement,The Originote,Rabu,0.6666666666666666,Malam,7,0.3973562746972977,0.6026437253027024,3,0.6666666666666666,Descriptively sufficient
racun_ct7880,racun_ct7880,4,3.0,0.0,183,The Originote,The Originote,The Originote,High,Low,racun_ct7880,Community Actor,,False,False,False,Promotional / Supportive,The Originote,Rabu,0.6666666666666666,Malam,7,0.3973562746972977,0.6026437253027024,3,0.6666666666666666,Descriptively sufficient
beautyaddict_ct2423,beautyaddict_ct2423,4,3.0,0.0,16,Daviena,Daviena,Daviena + The Originote,Medium,Low,beautyaddict_ct2423,Community Actor,,False,False,False,Neutral Engagement,Daviena,Kamis,0.3333333333333333,Pagi,6,0.5645750340535796,0.43542496594642044,3,0.3333333333333333,Descriptively sufficient
dearskin_ct1358,dearskin_ct1358,4,3.0,0.0,16,Daviena,Daviena,Daviena + The Originote,Medium,Low,dearskin_ct1358,Community Actor,,False,False,False,Promotional / Supportive,Daviena,Kamis,0.3333333333333333,Pagi,6,0.5645750340535796,0.43542496594642044,3,0.3333333333333333,Descriptively sufficient
glowup_ct3809,glowup_ct3809,4,3.0,0.0,16,Daviena,Daviena,Daviena + The Originote,Medium,Low,glowup_ct3809,Community Actor,,False,False,False,Critical / Complaint,Daviena,Kamis,0.3333333333333333,Pagi,6,0.5645750340535796,0.43542496594642044,3,0.3333333333333333,Descriptively sufficient
reviewjujur_ct6118,reviewjujur_ct6118,4,3.0,0.0,16,Daviena,Daviena,Daviena + The Originote,Medium,Low,reviewjujur_ct6118,Community Actor,,False,False,False,Neutral Engagement,Daviena,Kamis,0.3333333333333333,Pagi,6,0.5645750340535796,0.43542496594642044,3,0.3333333333333333,Descriptively sufficient
skintok_ct53509,skintok_ct53509,3,3.0,0.0,75,Daviena,Mixed_2_Brands,Daviena + Maryame,Medium,Low,skintok_ct53509,Community Actor,,False,False,False,Neutral Engagement,Mixed_2_Brands,Rabu,0.5,Malam,20,0.5343107806620332,0.4656892193379668,4,0.5,Descriptively sufficient
testireal_ct35011,testireal_ct35011,3,3.0,0.0,75,Daviena,Mixed_2_Brands,Daviena + Maryame,Medium,Low,testireal_ct35011,Community Actor,,False,False,False,Promotional / Supportive,Mixed_2_Brands,Rabu,0.5,Malam,20,0.5343107806620332,0.4656892193379668,4,0.5,Descriptively sufficient
bestieku_ct74574,bestieku_ct74574,3,3.0,0.0,75,Daviena,Mixed_2_Brands,Daviena + Maryame,Medium,Low,bestieku_ct74574,Community Actor,,False,False,False,Neutral Engagement,Mixed_2_Brands,Rabu,0.5,Malam,20,0.5343107806620332,0.4656892193379668,4,0.5,Descriptively sufficient
skincare_ct78893,skincare_ct78893,3,3.0,0.0,75,Daviena,Mixed_2_Brands,Daviena + Maryame,Medium,Low,skincare_ct78893,Community Actor,,False,False,False,Promotional / Supportive,Mixed_2_Brands,Rabu,0.5,Malam,20,0.5343107806620332,0.4656892193379668,4,0.5,Descriptively sufficient
skinlover_ct8756,skinlover_ct8756,4,3.0,0.0,16,Daviena,Daviena,Daviena + The Originote,Medium,Low,skinlover_ct8756,Community Actor,,False,False,False,Mixed Goals,Daviena,Kamis,0.3333333333333333,Pagi,6,0.5645750340535796,0.43542496594642044,3,0.3333333333333333,Descriptively sufficient
cantik_ct3821,cantik_ct3821,4,3.0,0.0,49,Daviena,Mixed_3plus_Brands,Daviena + Maryame + The Originote,Low,Low,cantik_ct3821,Community Actor,,False,False,False,Neutral Engagement,Mixed_3plus_Brands,Jumat,0.6,Pagi,5,0.4614528195419034,0.5385471804580966,4,0.5,Descriptively sufficient
dearskin_ct1243,dearskin_ct1243,4,3.0,0.0,49,Daviena,Mixed_3plus_Brands,Daviena + Maryame + The Originote,Low,Low,dearskin_ct1243,Community Actor,,False,False,False,Promotional / Supportive,Mixed_3plus_Brands,Jumat,0.6,Pagi,5,0.4614528195419034,0.5385471804580966,4,0.5,Descriptively sufficient
skincare_ct8136,skincare_ct8136,4,3.0,0.0,49,Daviena,Mixed_3plus_Brands,Daviena + Maryame + The Originote,Low,Low,skincare_ct8136,Community Actor,,False,False,False,Neutral Engagement,Mixed_3plus_Brands,Jumat,0.6,Pagi,5,0.4614528195419034,0.5385471804580966,4,0.5,Descriptively sufficient
skinlover_ct7606,skinlover_ct7606,4,2.7857142857142856,1.6643486856472912e-05,90,Azarine,Mixed_3plus_Brands,Azarine + Daviena + Maryame,Low,Low,skinlover_ct7606,Community Actor,,False,False,False,Neutral Engagement,Mixed_3plus_Brands,Selasa,0.3333333333333333,Malam,15,0.5645750340535796,0.43542496594642044,3,0.3333333333333333,Descriptively sufficient
reviewjujur_ct7045,reviewjujur_ct7045,4,2.7857142857142856,4.715654609333992e-05,17,Maryame,Mixed_3plus_Brands,Maryame + The Originote + Azarine,Low,Low,reviewjujur_ct7045,Community Actor,,False,False,False,Neutral Engagement,Mixed_3plus_Brands,Senin,0.36363636363636365,Malam,20,0.8374438359146111,0.16255616408538887,9,0.2222222222222222,Descriptively sufficient
produkjujur_r3c00m00x5907,produkjujur_r3c00m00x5907,3,2.732142857142857,0.0,180,Azarine,Azarine,Azarine,High,Low,produkjujur_r3c00m00x5907,Community Actor,,False,False,False,Promotional / Supportive,Azarine,Senin,0.5,Sore,17,0.3562071871080222,0.6437928128919779,2,0.5,Limited recurrence
skinreview_r3c04m00x5770,skinreview_r3c04m00x5770,3,2.732142857142857,0.0,204,Azarine,Azarine,Azarine,High,Low,skinreview_r3c04m00x5770,Community Actor,,False,False,False,Promotional / Supportive,Azarine,Kamis,0.6363636363636364,Sore,17,0.33685099706150945,0.6631490029384906,2,0.5,Limited recurrence
racun_rr28461,racun_rr28461,2,2.5357142857142856,2.7739144760788188e-06,134,Daviena,Daviena,Daviena + The Originote,Medium,Low,racun_rr28461,Community Actor,,False,False,False,Promotional / Supportive,Daviena,Rabu,0.2,Siang,20,0.9104346141251393,0.08956538587486074,6,0.16666666666666666,Descriptively sufficient
cantik_ct95823,cantik_ct95823,2,2.5,0.0,14,Daviena,Mixed_3plus_Brands,Daviena + Maryame + The Originote,Low,Low,cantik_ct95823,Community Actor,,False,False,False,Promotional / Supportive,Mixed_3plus_Brands,Selasa,0.4,Siang,5,0.5421217256604984,0.45787827433950157,5,0.4,Descriptively sufficient
skinclub_ct6649,skinclub_ct6649,2,2.5,0.0,14,Daviena,Mixed_3plus_Brands,Daviena + Maryame + The Originote,Low,Low,skinclub_ct6649,Community Actor,,False,False,False,Mixed Goals,Mixed_3plus_Brands,Selasa,0.4,Siang,5,0.5421217256604984,0.45787827433950157,5,0.4,Descriptively sufficient
beautyaddict_ct10959,beautyaddict_ct10959,2,2.5,0.0,14,Daviena,Mixed_3plus_Brands,Daviena + Maryame + The Originote,Low,Low,beautyaddict_ct10959,Community Actor,,False,False,False,Neutral Engagement,Mixed_3plus_Brands,Selasa,0.4,Siang,5,0.5421217256604984,0.45787827433950157,5,0.4,Descriptively sufficient
ulasankilat_r3c07m04x5222,ulasankilat_r3c07m04x5222,4,2.2857142857142856,0.0,206,Maryame,Maryame,Maryame,High,Medium,ulasankilat_r3c07m04x5222,Community Actor,,False,False,False,Promotional / Supportive,Maryame,Rabu,1.0,Siang,12,-0.0,1.0,1,1.0,Insufficient observations
ulasankilat_r3c07m03x2101,ulasankilat_r3c07m03x2101,4,2.2857142857142856,0.0,206,Maryame,Maryame,Maryame,High,Medium,ulasankilat_r3c07m03x2101,Community Actor,,False,False,False,Promotional / Supportive,Maryame,Rabu,1.0,Siang,12,-0.0,1.0,1,1.0,Insufficient observations
ulasankilat_r3c07m02x4325,ulasankilat_r3c07m02x4325,4,2.2857142857142856,0.0,206,Maryame,Maryame,Maryame,High,Medium,ulasankilat_r3c07m02x4325,Community Actor,,False,False,False,Promotional / Supportive,Maryame,Rabu,1.0,Siang,12,-0.0,1.0,1,1.0,Insufficient observations
ulasankilat_r3c07m01x9795,ulasankilat_r3c07m01x9795,4,2.2857142857142856,0.0,206,Maryame,Maryame,Maryame,High,Medium,ulasankilat_r3c07m01x9795,Community Actor,,False,False,False,Promotional / Supportive,Maryame,Rabu,1.0,Siang,12,-0.0,1.0,1,1.0,Insufficient observations
kulitkece_r3c01m04x8079,kulitkece_r3c01m04x8079,4,2.2857142857142856,0.0,168,Daviena,Daviena,Daviena,High,Low,kulitkece_r3c01m04x8079,Community Actor,,False,False,False,Promotional / Supportive,Daviena,Selasa,1.0,Pagi,7,-0.0,1.0,1,1.0,Insufficient observations
kulitkece_r3c01m03x9803,kulitkece_r3c01m03x9803,4,2.2857142857142856,0.0,168,Daviena,Daviena,Daviena,High,Low,kulitkece_r3c01m03x9803,Community Actor,,False,False,False,Promotional / Supportive,Daviena,Selasa,1.0,Pagi,7,-0.0,1.0,1,1.0,Insufficient observations
kulitkece_r3c01m02x7223,kulitkece_r3c01m02x7223,4,2.2857142857142856,0.0,168,Daviena,Daviena,Daviena,High,Low,kulitkece_r3c01m02x7223,Community Actor,,False,False,False,Promotional / Supportive,Daviena,Selasa,1.0,Pagi,7,-0.0,1.0,1,1.0,Insufficient observations
kulitkece_r3c01m01x2583,kulitkece_r3c01m01x2583,4,2.2857142857142856,0.0,168,Daviena,Daviena,Daviena,High,Low,kulitkece_r3c01m01x2583,Community Actor,,False,False,False,Promotional / Supportive,Daviena,Selasa,1.0,Pagi,7,-0.0,1.0,1,1.0,Insufficient observations
racikcantik_r3c08m04x3650,racikcantik_r3c08m04x3650,4,2.2857142857142856,0.0,181,Daviena,Daviena,Daviena,High,Medium,racikcantik_r3c08m04x3650,Community Actor,,False,False,False,Promotional / Supportive,Daviena,Minggu,1.0,Siang,13,-0.0,1.0,1,1.0,Insufficient observations
racikcantik_r3c08m01x2011,racikcantik_r3c08m01x2011,4,2.2857142857142856,0.0,181,Daviena,Daviena,Daviena,High,Medium,racikcantik_r3c08m01x2011,Community Actor,,False,False,False,Promotional / Supportive,Daviena,Minggu,1.0,Siang,13,-0.0,1.0,1,1.0,Insufficient observations
racikcantik_r3c08m02x8325,racikcantik_r3c08m02x8325,4,2.2857142857142856,0.0,181,Daviena,Daviena,Daviena,High,Medium,racikcantik_r3c08m02x8325,Community Actor,,False,False,False,Promotional / Supportive,Daviena,Minggu,1.0,Siang,13,-0.0,1.0,1,1.0,Insufficient observations
racikcantik_r3c08m03x4529,racikcantik_r3c08m03x4529,4,2.2857142857142856,0.0,181,Daviena,Daviena,Daviena,High,Medium,racikcantik_r3c08m03x4529,Community Actor,,False,False,False,Promotional / Supportive,Daviena,Minggu,1.0,Siang,13,-0.0,1.0,1,1.0,Insufficient observations
reviewjujur_ct33360,reviewjujur_ct33360,3,2.25,0.0,132,Azarine,Mixed_3plus_Brands,Azarine + Maryame + The Originote,Medium,Low,reviewjujur_ct33360,Community Actor,,False,False,False,Mixed Goals,Mixed_3plus_Brands,Selasa,0.3333333333333333,Pagi,8,0.5645750340535796,0.43542496594642044,3,0.3333333333333333,Descriptively sufficient
glowup_ct8724,glowup_ct8724,3,2.25,0.0,132,Azarine,Mixed_3plus_Brands,Azarine + Maryame + The Originote,Medium,Low,glowup_ct8724,Community Actor,,False,False,False,Critical / Complaint,Mixed_3plus_Brands,Selasa,0.3333333333333333,Pagi,8,0.5645750340535796,0.43542496594642044,3,0.3333333333333333,Descriptively sufficient
glowingid_ct69471,glowingid_ct69471,3,2.25,0.0,132,Azarine,Mixed_3plus_Brands,Azarine + Maryame + The Originote,Medium,Low,glowingid_ct69471,Community Actor,,False,False,False,Neutral Engagement,Mixed_3plus_Brands,Selasa,0.3333333333333333,Pagi,8,0.5645750340535796,0.43542496594642044,3,0.3333333333333333,Descriptively sufficient
cantik_ct6414,cantik_ct6414,3,2.25,0.0,90,Azarine,Mixed_3plus_Brands,Azarine + Daviena + Maryame,Low,Low,cantik_ct6414,Community Actor,,False,False,False,Neutral Engagement,Mixed_3plus_Brands,Selasa,0.3333333333333333,Malam,15,0.5645750340535796,0.43542496594642044,3,0.3333333333333333,Descriptively sufficient
racun_ct5624,racun_ct5624,3,2.25,0.0,90,Azarine,Mixed_3plus_Brands,Azarine + Daviena + Maryame,Low,Low,racun_ct5624,Community Actor,,False,False,False,Neutral Engagement,Mixed_3plus_Brands,Selasa,0.3333333333333333,Malam,15,0.5645750340535796,0.43542496594642044,3,0.3333333333333333,Descriptively sufficient
kulitglowing_ct4137,kulitglowing_ct4137,3,2.25,0.0,90,Azarine,Mixed_3plus_Brands,Azarine + Daviena + Maryame,Low,Low,kulitglowing_ct4137,Community Actor,,False,False,False,Mixed Goals,Mixed_3plus_Brands,Selasa,0.3333333333333333,Malam,15,0.5645750340535796,0.43542496594642044,3,0.3333333333333333,Descriptively sufficient
beautyvibe_ct5449,beautyvibe_ct5449,3,2.25,0.0,17,Maryame,Mixed_3plus_Brands,Maryame + The Originote + Azarine,Low,Low,beautyvibe_ct5449,Community Actor,,False,False,False,Neutral Engagement,Mixed_3plus_Brands,Senin,0.36363636363636365,Malam,20,0.8374438359146111,0.16255616408538887,9,0.2222222222222222,Descriptively sufficient
skincare_ct1453,skincare_ct1453,3,2.25,0.0,17,Maryame,Mixed_3plus_Brands,Maryame + The Originote + Azarine,Low,Low,skincare_ct1453,Community Actor,,False,False,False,Neutral Engagement,Mixed_3plus_Brands,Senin,0.36363636363636365,Malam,20,0.8374438359146111,0.16255616408538887,9,0.2222222222222222,Descriptively sufficient
reviewjujur_ct9800,reviewjujur_ct9800,3,2.25,0.0,132,Azarine,Mixed_3plus_Brands,Azarine + Maryame + The Originote,Medium,Low,reviewjujur_ct9800,Community Actor,,False,False,False,Neutral Engagement,Mixed_3plus_Brands,Selasa,0.3333333333333333,Pagi,8,0.5645750340535796,0.43542496594642044,3,0.3333333333333333,Descriptively sufficient
produkjujur_r3c00m03x5660,produkjujur_r3c00m03x5660,3,2.1607142857142856,0.0,180,Azarine,Azarine,Azarine,High,Low,produkjujur_r3c00m03x5660,Community Actor,,False,False,False,Promotional / Supportive,Azarine,Senin,0.5,Sore,17,0.3562071871080222,0.6437928128919779,2,0.5,Limited recurrence
skinreview_r3c04m03x3054,skinreview_r3c04m03x3054,3,2.1607142857142856,0.0,204,Azarine,Azarine,Azarine,High,Low,skinreview_r3c04m03x3054,Community Actor,,False,False,False,Promotional / Supportive,Azarine,Kamis,0.6363636363636364,Sore,17,0.33685099706150945,0.6631490029384906,2,0.5,Limited recurrence
skinreview_r3c04m02x8520,skinreview_r3c04m02x8520,3,2.1607142857142856,0.0,204,Azarine,Azarine,Azarine,High,Low,skinreview_r3c04m02x8520,Community Actor,,False,False,False,Promotional / Supportive,Azarine,Kamis,0.6363636363636364,Sore,17,0.33685099706150945,0.6631490029384906,2,0.5,Limited recurrence
produkjujur_r3c00m02x8296,produkjujur_r3c00m02x8296,3,2.1607142857142856,0.0,180,Azarine,Azarine,Azarine,High,Low,produkjujur_r3c00m02x8296,Community Actor,,False,False,False,Promotional / Supportive,Azarine,Senin,0.5,Sore,17,0.3562071871080222,0.6437928128919779,2,0.5,Limited recurrence
skinreview_r3c04m01x7927,skinreview_r3c04m01x7927,3,2.1607142857142856,0.0,204,Azarine,Azarine,Azarine,High,Low,skinreview_r3c04m01x7927,Community Actor,,False,False,False,Promotional / Supportive,Azarine,Kamis,0.6363636363636364,Sore,17,0.33685099706150945,0.6631490029384906,2,0.5,Limited recurrence
produkjujur_r3c00m01x6024,produkjujur_r3c00m01x6024,3,2.1607142857142856,0.0,180,Azarine,Azarine,Azarine,High,Low,produkjujur_r3c00m01x6024,Community Actor,,False,False,False,Promotional / Supportive,Azarine,Senin,0.5,Sore,17,0.3562071871080222,0.6437928128919779,2,0.5,Limited recurrence
bestieku_ct70500,bestieku_ct70500,2,2.0,0.0,74,Daviena,Daviena,Daviena + Maryame,Medium,Low,bestieku_ct70500,Community Actor,,False,False,False,Promotional / Supportive,Daviena,Selasa,0.25,Siang,9,0.7124143742160444,0.28758562578395563,4,0.25,Descriptively sufficient
testireal_ct62779,testireal_ct62779,2,2.0,0.0,74,Daviena,Daviena,Daviena + Maryame,Medium,Low,testireal_ct62779,Community Actor,,False,False,False,Neutral Engagement,Daviena,Selasa,0.25,Siang,9,0.7124143742160444,0.28758562578395563,4,0.25,Descriptively sufficient
skinclub_ct15395,skinclub_ct15395,2,2.0,0.0,74,Daviena,Daviena,Daviena + Maryame,Medium,Low,skinclub_ct15395,Community Actor,,False,False,False,Neutral Engagement,Daviena,Selasa,0.25,Siang,9,0.7124143742160444,0.28758562578395563,4,0.25,Descriptively sufficient
beautyvibe_rp66426,beautyvibe_rp66426,2,1.875,2.7739144760788188e-06,60,Daviena,Daviena,Daviena,High,Low,beautyvibe_rp66426,Community Actor,,False,False,False,Neutral Engagement,Daviena,Kamis,0.7272727272727273,Dini Hari,10,0.30112007925341,0.69887992074659,4,0.75,Descriptively sufficient
glowingid_rp61402,glowingid_rp61402,1,1.7321428571428572,0.0,134,Daviena,Daviena,Daviena + The Originote,Medium,Low,glowingid_rp61402,Community Actor,,False,False,False,Neutral Engagement,Daviena,Rabu,0.2,Siang,20,0.9104346141251393,0.08956538587486074,6,0.16666666666666666,Descriptively sufficient
beautyaddict_rr41856,beautyaddict_rr41856,2,1.6071428571428572,5.5478289521576375e-06,34,Daviena,Daviena,Daviena + Maryame + The Originote,Medium,Low,beautyaddict_rr41856,Community Actor,,False,False,False,Neutral Engagement,Daviena,Kamis,0.6666666666666666,Malam,13,0.4458393050175722,0.5541606949824278,5,0.6,Descriptively sufficient
reviewjujur_rp60551,reviewjujur_rp60551,1,1.6071428571428572,0.0,63,Maryame,Mixed_3plus_Brands,Maryame + Daviena + The Originote,Medium,Low,reviewjujur_rp60551,Community Actor,,False,False,False,Promotional / Supportive,Mixed_3plus_Brands,Kamis,0.2727272727272727,Malam,20,0.8579424988095209,0.1420575011904791,11,0.2727272727272727,Descriptively sufficient
beautyvibe_rp82732,beautyvibe_rp82732,1,1.4642857142857144,0.0,54,Azarine,Azarine,Azarine + Daviena,High,Low,beautyvibe_rp82732,Community Actor,,False,False,False,Neutral Engagement,Azarine,Selasa,0.22972972972972974,Malam,23,0.9705563449208434,0.029443655079156583,37,0.2702702702702703,Descriptively sufficient
kulitcerah_rr59853,kulitcerah_rr59853,1,1.0714285714285714,0.0,60,Daviena,Daviena,Daviena,High,Low,kulitcerah_rr59853,Community Actor,,False,False,False,Promotional / Supportive,Daviena,Kamis,0.7272727272727273,Dini Hari,10,0.30112007925341,0.69887992074659,4,0.75,Descriptively sufficient
skincare_rp71592,skincare_rp71592,1,1.0714285714285714,0.0,63,Maryame,Mixed_3plus_Brands,Maryame + Daviena + The Originote,Medium,Low,skincare_rp71592,Community Actor,,False,False,False,Neutral Engagement,Mixed_3plus_Brands,Kamis,0.2727272727272727,Malam,20,0.8579424988095209,0.1420575011904791,11,0.2727272727272727,Descriptively sufficient
skintok_rr45965,skintok_rr45965,1,1.0714285714285714,0.0,49,Daviena,Mixed_3plus_Brands,Daviena + Maryame + The Originote,Low,Low,skintok_rr45965,Community Actor,,False,False,False,Neutral Engagement,Mixed_3plus_Brands,Jumat,0.6,Pagi,5,0.4614528195419034,0.5385471804580966,4,0.5,Descriptively sufficient
skinclub_rr29031,skinclub_rr29031,1,0.8035714285714286,0.0,183,The Originote,The Originote,The Originote,High,Low,skinclub_rr29031,Community Actor,,False,False,False,Neutral Engagement,The Originote,Rabu,0.6666666666666666,Malam,7,0.3973562746972977,0.6026437253027024,3,0.6666666666666666,Descriptively sufficient
glowhunter_cp9145,glowhunter_cp9145,1,0.8035714285714286,0.0,34,Daviena,Daviena,Daviena + Maryame + The Originote,Medium,Low,glowhunter_cp9145,Community Actor,,False,False,False,Mixed Goals,Daviena,Kamis,0.6666666666666666,Malam,13,0.4458393050175722,0.5541606949824278,5,0.6,Descriptively sufficient
kulitsehat_rp54793,kulitsehat_rp54793,1,0.8035714285714286,0.0,34,Daviena,Daviena,Daviena + Maryame + The Originote,Medium,Low,kulitsehat_rp54793,Community Actor,,False,False,False,Neutral Engagement,Daviena,Kamis,0.6666666666666666,Malam,13,0.4458393050175722,0.5541606949824278,5,0.6,Descriptively sufficient
beautyaddict_rr42909,beautyaddict_rr42909,1,0.8035714285714286,0.0,183,The Originote,The Originote,The Originote,High,Low,beautyaddict_rr42909,Community Actor,,False,False,False,Mixed Goals,The Originote,Rabu,0.6666666666666666,Malam,7,0.3973562746972977,0.6026437253027024,3,0.6666666666666666,Descriptively sufficient
kulitglowing_rr91939,kulitglowing_rr91939,1,0.8035714285714286,0.0,134,Daviena,Daviena,Daviena + The Originote,Medium,Low,kulitglowing_rr91939,Community Actor,,False,False,False,Promotional / Supportive,Daviena,Rabu,0.2,Siang,20,0.9104346141251393,0.08956538587486074,6,0.16666666666666666,Descriptively sufficient
skinclub_rr74871,skinclub_rr74871,1,0.8035714285714286,0.0,60,Daviena,Daviena,Daviena,High,Low,skinclub_rr74871,Community Actor,,False,False,False,Mixed Goals,Daviena,Kamis,0.7272727272727273,Dini Hari,10,0.30112007925341,0.69887992074659,4,0.75,Descriptively sufficient
glowup_rr94183,glowup_rr94183,1,0.8035714285714286,0.0,54,Azarine,Azarine,Azarine + Daviena,High,Low,glowup_rr94183,Community Actor,,False,False,False,Mixed Goals,Azarine,Selasa,0.22972972972972974,Malam,23,0.9705563449208434,0.029443655079156583,37,0.2702702702702703,Descriptively sufficient
